INSERT INTO Edades (edadId, edad) 
VALUES 
(1, 18), 
(2, 22), 
(3, 23), 
(4, 24), 
(5, 32), 
(6, 33), 
(7, 75);

INSERT INTO Tarjetas (tarjetaId, nombreTarjeta)
VALUES
(1, 'B smart'),
(2, 'Afinity Card'),
(3, 'Clasica'),
(4, 'Office Depot'),
(5, 'Costco'),
(6, 'Best Buy Banamex'),
(7, 'The Home Depot'),
(8, 'Oro'),
(9, 'Platinum'),
(10, 'City / Aadvantage'),
(11, 'Banamex Teletón'),
(12, 'APAC'),
(13, 'Martí Clasica Citibanamex'),
(14, 'América Deporteísmo'),
(15, 'Pumas Deporteísmo'),
(16, 'Toluca Deporteísmo'),
(17, 'La verde Deporteísmo'),
(18, 'Martí Premiun Citibanamex');

INSERT INTO Pasiones (pasionId, nombrePasion)
VALUES
(1, 'Shopping'),
(2, 'Travels'),
(3, 'Help'),
(4, 'My Business'),
(5, 'Sports'),
(6, 'My Style');

INSERT INTO Salarios (salarioId, monto)
VALUES
(1, 0),
(2, 7000),
(3, 12000),
(4, 14999),
(5, 15000),
(6, 29999),
(7, 30000),
(8, 34999),
(9, 35000),
(10, 49999),
(11, 50000);

INSERT INTO Perfiles (pasionId, salarioMinId, salarioMaxId, edadMinId, edadMaxId, tarjetaId)
VALUES
(1, 2, 4, 1, 3,	1), 
(1,	2, 4, 1, 3, 2),
(1, 2, 4, 4, 5, 1),
(1, 2, 4, 4, 5, 3),
(1, 2, 4, 4, 5, 2),
(1,	2, 4, 4, 5, 4),
(1,	2, 4, 4, 5, 5),
(1,	2, 4, 4, 5, 6),
(1,	2, 4, 4, 5,	7),
(1,	2, 4, 6, 7, 3),
(1,	2, 4, 6, 7,	4),
(1,	2, 4, 6, 7,	5),
(1,	2, 4, 6, 7,	6),
(1,	2, 4, 6, 7,	7),
(1,	5, 8, 1, 3, 1),
(1,	5, 8, 1, 3, 2),
(1, 5, 8, 4, 5, 8),
(1, 5, 8, 4, 5, 2),
(1, 5, 8, 4, 5, 4),
(1, 5, 8, 4, 5, 5),
(1, 5, 8, 4, 5, 6),
(1, 5, 8, 4, 5, 7),
(1, 5, 8, 6, 7, 4),
(1, 5, 8, 6, 7, 5),
(1, 5, 8, 6, 7, 6),
(1, 5, 8, 6, 7, 7),
(1, 9, 10, 1, 3, 1),
(1, 9, 10, 1, 3, 2),
(1,	9, 10, 4, 7, 9),
(1,	9, 10, 4, 7, 4),
(1,	9, 10, 4, 7, 5),
(1,	9, 10, 4, 7, 6),
(1,	9, 10, 4, 7, 7),
(1,	11, 1, 1, 3, 1),
(1,	11, 1, 1, 3, 2),
(1, 11, 1, 4, 7, 9),
(2,	3, 6, 1, 7, 10),
(2,	7, 8, 1, 3,	10),
(2,	7, 8, 4, 7,	10),
(2,	7, 8, 4, 7,	9),
(2,	9, 10, 1, 3, 10),
(2,	9, 10, 4, 7, 10),
(2,	9, 10, 4, 7, 9),
(2, 11, 1, 1, 2, 10),
(2, 11,	1, 3, 7, 9),
(3,	3, 1, 1, 7, 11),
(3,	3, 1, 1, 7, 12),
(4,	2, 1, 1, 7, 4),
(4,	2, 1, 1, 7, 5),
(4,	2, 1, 1, 7, 6),
(4,	2, 1, 1, 7, 7),
(5,	2, 8, 1, 7, 13),
(5,	2, 8, 1, 7, 14),
(5,	2, 8, 1, 7, 15),
(5,	2, 8, 1, 7, 16),
(5,	2, 8, 1, 7, 17),
(5,	9, 1, 1, 7, 18),
(6, 2, 4, 1, 5, 1),
(6,	2, 4, 1, 5, 2),
(6,	2, 4, 6, 7, 1),
(6,	5, 6, 1, 3, 1),
(6,	5, 6, 1, 3, 2),
(6,	5, 6, 4, 5, 1),
(6,	5, 6, 4, 5, 8),
(6,	5, 6, 4, 5, 2),
(6,	5, 6, 6, 7, 8),
(6, 7, 8, 1, 3, 1),
(6, 7, 8, 1, 3, 2),
(6, 7, 8, 4, 5, 1),
(6, 7, 8, 4, 5, 9),
(6, 7, 8, 4, 5, 2),
(6, 7, 8, 6, 7, 9),
(6, 9, 1, 1, 3, 1),
(6, 9, 1, 4, 7, 1),
(6, 9, 1, 4, 7, 9);
